{
    "type": "footer",
    "name": "Footer",
    "sections": {
        "aurea_footer": {
            "type": "section-aurea-footer",
            "settings": {
                "brand_heading": "AUREA London",
                "brand_story": "Handcrafted in the heart of London. Creating timeless tokens of love with premium stainless steel and 18k gold.",
                "instagram_url": "https://www.instagram.com/aurea.jewelry.uk",
                "tiktok_url": "https://www.tiktok.com/@aurea.jewelry.uk",
                "pinterest_url": "https://www.pinterest.com/aureajewelryuk",
                "address": "AUREA Jewelry\n71-75 Shelton Street\nLondon, WC2H 9JQ\nUnited Kingdom",
                "email": "support@aurea.com"
            }
        }
    },
    "order": [
        "aurea_footer"
    ]
}