{"type":"footer","name":"Footer","sections":{"section_jehhzd":{"type":"section","blocks":{"group_wErUQf":{"type":"group","name":"footer_headline","settings":{"content_direction":"row","vertical_on_mobile":true,"horizontal_alignment":"flex-start","vertical_alignment":"flex-start","align_baseline":false,"horizontal_alignment_flex_direction_column":"flex-start","vertical_alignment_flex_direction_column":"center","gap":24,"width":"fill","custom_width":100,"width_mobile":"custom","custom_width_mobile":90,"height":"fit","custom_height":100,"inherit_color_scheme":true,"color_scheme":"","background_media":"none","video_position":"cover","background_image_position":"cover","border":"none","border_width":1,"border_opacity":100,"border_radius":0,"toggle_overlay":false,"overlay_color":"#00000026","overlay_style":"solid","gradient_direction":"to top","link":"","open_in_new_tab":false,"padding-block-start":0,"padding-block-end":0,"padding-inline-start":0,"padding-inline-end":0},"blocks":{"group_TwfRJd":{"type":"group","name":"t:names.group","settings":{"content_direction":"column","vertical_on_mobile":true,"horizontal_alignment":"flex-start","vertical_alignment":"center","align_baseline":false,"horizontal_alignment_flex_direction_column":"flex-start","vertical_alignment_flex_direction_column":"center","gap":8,"width":"fill","custom_width":100,"width_mobile":"fill","custom_width_mobile":100,"height":"fit","custom_height":100,"inherit_color_scheme":true,"color_scheme":"","background_media":"none","video_position":"cover","background_image_position":"cover","border":"none","border_width":1,"border_opacity":100,"border_radius":0,"toggle_overlay":false,"overlay_color":"#00000026","overlay_style":"solid","gradient_direction":"to top","link":"","open_in_new_tab":false,"padding-block-start":0,"padding-block-end":0,"padding-inline-start":0,"padding-inline-end":0},"blocks":{"text_pF6rVi":{"type":"text","name":"Heading","settings":{"text":"<p>Stay Connected<\/p>","width":"100%","max_width":"normal","alignment":"left","type_preset":"h3","font":"var(--font-primary--family)","font_size":"","line_height":"normal","letter_spacing":"normal","case":"none","wrap":"pretty","color":"","background":false,"background_color":"#00000026","corner_radius":0,"padding-block-start":0,"padding-block-end":0,"padding-inline-start":0,"padding-inline-end":0},"blocks":{}},"text_HafH7P":{"type":"text","name":"Text","settings":{"text":"<p>Join our community for exclusive insights and inspiration.<\/p>","width":"100%","max_width":"normal","alignment":"left","type_preset":"rte","font":"var(--font-primary--family)","font_size":"","line_height":"normal","letter_spacing":"normal","case":"none","wrap":"pretty","color":"","background":false,"background_color":"#00000026","corner_radius":0,"padding-block-start":0,"padding-block-end":0,"padding-inline-start":0,"padding-inline-end":0},"blocks":{}}},"block_order":["text_pF6rVi","text_HafH7P"]},"email_signup_C94MfE":{"type":"email-signup","name":"t:names.email_signup","settings":{"width":"custom","custom_width":40,"inherit_color_scheme":true,"color_scheme":"scheme-3","border_style":"underline","border_width":1,"border_radius":39,"input_type_preset":"h4","style_class":"button-unstyled","display_type":"text","label":"Sign up","integrated_button":true,"button_type_preset":"h4","padding-block-start":0,"padding-block-end":0,"padding-inline-start":0,"padding-inline-end":0},"blocks":{}}},"block_order":["group_TwfRJd","email_signup_C94MfE"]}},"block_order":["group_wErUQf"],"name":"Section","settings":{"content_direction":"column","vertical_on_mobile":true,"horizontal_alignment":"center","vertical_alignment":"center","align_baseline":false,"horizontal_alignment_flex_direction_column":"center","vertical_alignment_flex_direction_column":"center","gap":64,"section_width":"page-width","section_height":"","section_height_custom":50,"color_scheme":"scheme-2","background_media":"none","video_position":"cover","background_image_position":"cover","border":"none","border_width":1,"border_opacity":100,"border_radius":0,"toggle_overlay":false,"overlay_color":"#00000026","overlay_style":"solid","gradient_direction":"to top","padding-block-start":64,"padding-block-end":32}},"footer_utilities":{"type":"footer-utilities","blocks":{"block_1129bf8ec394":{"type":"footer-copyright","settings":{}},"block_4ec26c67316a":{"type":"footer-policy-list","settings":{}},"block_691f57f98b56":{"type":"social-links","settings":{"facebook_url":"","instagram_url":"https:\/\/www.instagram.com\/shopify","youtube_url":"https:\/\/www.youtube.com\/shopify","tiktok_url":"https:\/\/www.tiktok.com\/@shopify","twitter_url":"https:\/\/www.twitter.com\/shopify","threads_url":"https:\/\/www.threads.net\/@shopify","linkedin_url":"","bluesky_url":"","snapchat_url":"","pinterest_url":"","tumblr_url":"","vimeo_url":"","custom_url":""}}},"block_order":["block_1129bf8ec394","block_4ec26c67316a","block_691f57f98b56"],"settings":{"color_scheme":"scheme-2"}}},"order":["section_jehhzd","footer_utilities"]}