{
    "name": "Footer",
    "type": "footer",
    "sections": {
        "footer": {
            "type": "footer",
            "blocks": {
                "menu_left": {
                    "type": "menu",
                    "settings": {
                        "heading": "Customer Service",
                        "menu": "footer"
                    }
                },
                "newsletter_social_group": {
                    "type": "group",
                    "settings": {
                        "content_direction": "column",
                        "vertical_alignment": "center",
                        "horizontal_alignment": "center",
                        "gap": 24
                    },
                    "blocks": {
                        "newsletter_form": {
                            "type": "email-signup",
                            "settings": {
                                "label": "Subscribe",
                                "display_type": "text",
                                "style_class": "button",
                                "width": "fill"
                            }
                        },
                        "social_icons": {
                            "type": "social-links",
                            "settings": {
                                "icon_color": "text"
                            }
                        }
                    },
                    "block_order": [
                        "newsletter_form",
                        "social_icons"
                    ]
                },
                "menu_right": {
                    "type": "menu",
                    "settings": {
                        "heading": "About AUREA",
                        "menu": "main-menu"
                    }
                }
            },
            "block_order": [
                "menu_left",
                "newsletter_social_group",
                "menu_right"
            ],
            "settings": {
                "color_scheme": "scheme-1",
                "padding_top": 60,
                "padding_bottom": 60
            }
        }
    },
    "order": [
        "footer"
    ]
}