{
    "current": {
        "logo_height": 16,
        "logo_height_mobile": 14,
        "type_body_font": "cormorant_n4",
        "type_subheading_font": "cormorant_n3",
        "type_heading_font": "playfair_display_n7",
        "type_accent_font": "cormorant_n4",
        "type_size_paragraph": "16",
        "type_font_h1": "heading",
        "type_size_h1": "72",
        "type_line_height_h1": "display-tight",
        "type_letter_spacing_h1": "heading-wide",
        "type_case_h1": "none",
        "type_font_h2": "heading",
        "type_size_h2": "48",
        "type_line_height_h2": "display-loose",
        "type_case_h2": "none",
        "type_font_h3": "heading",
        "type_size_h3": "32",
        "type_line_height_h3": "heading-tight",
        "type_letter_spacing_h3": "heading-wide",
        "type_case_h3": "none",
        "type_font_h5": "body",
        "type_size_h5": "18",
        "type_size_h6": "heading-xs",
        "page_width": "wide",
        "badge_position": "top-right",
        "badge_corner_radius": 0,
        "badge_sale_color_scheme": "scheme-gold",
        "badge_sold_out_color_scheme": "scheme-1",
        "badge_text_transform": "uppercase",
        "primary_button_border_width": 0,
        "button_border_radius_primary": 0,
        "type_font_button_primary": "body",
        "secondary_button_border_width": 1,
        "button_border_radius_secondary": 0,
        "cart_type": "drawer",
        "icon_stroke": "thin",
        "input_border_width": 1,
        "inputs_border_radius": 0,
        "popover_border_radius": 0,
        "popover_border": "none",
        "currency_code_enabled_product_pages": true,
        "currency_code_enabled_product_cards": false,
        "currency_code_enabled_cart_items": false,
        "variant_swatch_width": 24,
        "variant_swatch_height": 24,
        "variant_swatch_radius": 0,
        "variant_button_border_width": 1,
        "variant_button_radius": 0,
        "variant_button_width": "equal-width-buttons",
        "content_for_index": [],
        "color_schemes": {
            "scheme-1": {
                "settings": {
                    "background": "#FAF8F5",
                    "foreground": "#1A1A1A",
                    "foreground_heading": "#0D0D0D",
                    "primary": "#B8860B",
                    "primary_hover": "#8B6914",
                    "border": "#E8E4DF",
                    "shadow": "#0D0D0D",
                    "primary_button_background": "#0D0D0D",
                    "primary_button_text": "#FAF8F5",
                    "primary_button_border": "#0D0D0D",
                    "primary_button_hover_background": "#B8860B",
                    "primary_button_hover_text": "#FFFFFF",
                    "primary_button_hover_border": "#B8860B",
                    "secondary_button_background": "transparent",
                    "secondary_button_text": "#0D0D0D",
                    "secondary_button_border": "#0D0D0D",
                    "secondary_button_hover_background": "#0D0D0D",
                    "secondary_button_hover_text": "#FAF8F5",
                    "secondary_button_hover_border": "#0D0D0D",
                    "input_background": "#FFFFFF",
                    "input_text_color": "#1A1A1A",
                    "input_border_color": "#D4D0CB",
                    "variant_background_color": "#FFFFFF",
                    "variant_text_color": "#1A1A1A",
                    "variant_border_color": "#E8E4DF",
                    "selected_variant_background_color": "#0D0D0D",
                    "selected_variant_text_color": "#FFFFFF",
                    "selected_variant_border_color": "#0D0D0D"
                }
            },
            "scheme-2": {
                "settings": {
                    "background": "#0D0D0D",
                    "foreground": "#E8E4DF",
                    "foreground_heading": "#FFFFFF",
                    "primary": "#D4AF37",
                    "primary_hover": "#B8860B",
                    "border": "#2A2A2A",
                    "shadow": "#000000",
                    "primary_button_background": "#D4AF37",
                    "primary_button_text": "#0D0D0D",
                    "primary_button_border": "#D4AF37",
                    "primary_button_hover_background": "#B8860B",
                    "primary_button_hover_text": "#0D0D0D",
                    "primary_button_hover_border": "#B8860B",
                    "secondary_button_background": "transparent",
                    "secondary_button_text": "#FFFFFF",
                    "secondary_button_border": "#D4AF37",
                    "secondary_button_hover_background": "#D4AF37",
                    "secondary_button_hover_text": "#0D0D0D",
                    "secondary_button_hover_border": "#D4AF37",
                    "input_background": "#1A1A1A",
                    "input_text_color": "#FFFFFF",
                    "input_border_color": "#D4AF37",
                    "variant_background_color": "#1A1A1A",
                    "variant_text_color": "#FFFFFF",
                    "variant_border_color": "#2A2A2A",
                    "selected_variant_background_color": "#D4AF37",
                    "selected_variant_text_color": "#0D0D0D",
                    "selected_variant_border_color": "#D4AF37"
                }
            },
            "scheme-3": {
                "settings": {
                    "background": "#1A1A1A",
                    "foreground": "#D4D0CB",
                    "foreground_heading": "#FFFFFF",
                    "primary": "#D4AF37",
                    "primary_hover": "#F0D78C",
                    "border": "#333333",
                    "shadow": "#000000",
                    "primary_button_background": "#FFFFFF",
                    "primary_button_text": "#0D0D0D",
                    "primary_button_border": "#FFFFFF",
                    "primary_button_hover_background": "#D4AF37",
                    "primary_button_hover_text": "#0D0D0D",
                    "primary_button_hover_border": "#D4AF37",
                    "secondary_button_background": "transparent",
                    "secondary_button_text": "#FFFFFF",
                    "secondary_button_border": "#FFFFFF",
                    "secondary_button_hover_background": "#FFFFFF",
                    "secondary_button_hover_text": "#0D0D0D",
                    "secondary_button_hover_border": "#FFFFFF",
                    "input_background": "#0D0D0D",
                    "input_text_color": "#FFFFFF",
                    "input_border_color": "#333333",
                    "variant_background_color": "#1A1A1A",
                    "variant_text_color": "#FFFFFF",
                    "variant_border_color": "#333333",
                    "selected_variant_background_color": "#FFFFFF",
                    "selected_variant_text_color": "#0D0D0D",
                    "selected_variant_border_color": "#FFFFFF"
                }
            },
            "scheme-4": {
                "settings": {
                    "background": "#F5F0E6",
                    "foreground": "#1A1A1A",
                    "foreground_heading": "#0D0D0D",
                    "primary": "#8B6914",
                    "primary_hover": "#6B5210",
                    "border": "#D4D0CB",
                    "shadow": "#0D0D0D",
                    "primary_button_background": "#8B6914",
                    "primary_button_text": "#FFFFFF",
                    "primary_button_border": "#8B6914",
                    "primary_button_hover_background": "#6B5210",
                    "primary_button_hover_text": "#FFFFFF",
                    "primary_button_hover_border": "#6B5210",
                    "secondary_button_background": "transparent",
                    "secondary_button_text": "#1A1A1A",
                    "secondary_button_border": "#1A1A1A",
                    "secondary_button_hover_background": "#1A1A1A",
                    "secondary_button_hover_text": "#F5F0E6",
                    "secondary_button_hover_border": "#1A1A1A",
                    "input_background": "#FFFFFF",
                    "input_text_color": "#1A1A1A",
                    "input_border_color": "#D4D0CB",
                    "variant_background_color": "#FFFFFF",
                    "variant_text_color": "#1A1A1A",
                    "variant_border_color": "#D4D0CB",
                    "selected_variant_background_color": "#1A1A1A",
                    "selected_variant_text_color": "#FFFFFF",
                    "selected_variant_border_color": "#1A1A1A"
                }
            },
            "scheme-gold": {
                "settings": {
                    "background": "#D4AF37",
                    "foreground": "#0D0D0D",
                    "foreground_heading": "#0D0D0D",
                    "primary": "#0D0D0D",
                    "primary_hover": "#1A1A1A",
                    "border": "#B8860B",
                    "shadow": "#0D0D0D",
                    "primary_button_background": "#0D0D0D",
                    "primary_button_text": "#D4AF37",
                    "primary_button_border": "#0D0D0D",
                    "primary_button_hover_background": "#1A1A1A",
                    "primary_button_hover_text": "#D4AF37",
                    "primary_button_hover_border": "#1A1A1A",
                    "secondary_button_background": "transparent",
                    "secondary_button_text": "#0D0D0D",
                    "secondary_button_border": "#0D0D0D",
                    "secondary_button_hover_background": "#0D0D0D",
                    "secondary_button_hover_text": "#D4AF37",
                    "secondary_button_hover_border": "#0D0D0D",
                    "input_background": "#FFFFFF",
                    "input_text_color": "#0D0D0D",
                    "input_border_color": "#0D0D0D",
                    "variant_background_color": "#FFFFFF",
                    "variant_text_color": "#0D0D0D",
                    "variant_border_color": "#0D0D0D",
                    "selected_variant_background_color": "#0D0D0D",
                    "selected_variant_text_color": "#D4AF37",
                    "selected_variant_border_color": "#0D0D0D"
                }
            }
        }
    },
    "presets": {}
}