{
    "type": "footer",
    "name": "Footer",
    "sections": {
        "footer_section": {
            "type": "footer",
            "blocks": {
                "brand_column": {
                    "type": "group",
                    "settings": {
                        "content_direction": "column",
                        "vertical_on_mobile": true,
                        "horizontal_alignment": "flex-start",
                        "vertical_alignment": "flex-start",
                        "gap": 16,
                        "width": "fill",
                        "inherit_color_scheme": true
                    },
                    "blocks": {
                        "brand_logo": {
                            "type": "logo",
                            "settings": {
                                "max_width": 140
                            }
                        },
                        "worldwide_text": {
                            "type": "text",
                            "settings": {
                                "text": "<p style=\"margin-top: 24px;\"><strong>WORLDWIDE SHIPPING</strong></p>",
                                "width": "100%",
                                "alignment": "left",
                                "type_preset": "paragraph"
                            }
                        },
                        "divider_1": {
                            "type": "_divider",
                            "settings": {
                                "width": 40
                            }
                        },
                        "secure_text": {
                            "type": "text",
                            "settings": {
                                "text": "<p style=\"margin-top: 16px;\"><strong>SECURE PAYMENT</strong></p>",
                                "width": "100%",
                                "alignment": "left",
                                "type_preset": "paragraph"
                            }
                        },
                        "payment_icons": {
                            "type": "payment-icons",
                            "settings": {
                                "alignment": "left"
                            }
                        }
                    },
                    "block_order": [
                        "brand_logo",
                        "worldwide_text",
                        "divider_1",
                        "secure_text",
                        "payment_icons"
                    ]
                },
                "help_column": {
                    "type": "group",
                    "settings": {
                        "content_direction": "column",
                        "vertical_on_mobile": true,
                        "horizontal_alignment": "flex-start",
                        "vertical_alignment": "flex-start",
                        "gap": 8,
                        "width": "fill",
                        "inherit_color_scheme": true
                    },
                    "blocks": {
                        "help_heading": {
                            "type": "text",
                            "settings": {
                                "text": "<p><strong>LET US HELP YOU</strong></p>",
                                "width": "100%",
                                "alignment": "left",
                                "type_preset": "h6"
                            }
                        },
                        "help_links": {
                            "type": "menu",
                            "settings": {
                                "menu": "footer",
                                "alignment": "left"
                            }
                        }
                    },
                    "block_order": [
                        "help_heading",
                        "help_links"
                    ]
                },
                "about_column": {
                    "type": "group",
                    "settings": {
                        "content_direction": "column",
                        "vertical_on_mobile": true,
                        "horizontal_alignment": "flex-start",
                        "vertical_alignment": "flex-start",
                        "gap": 8,
                        "width": "fill",
                        "inherit_color_scheme": true
                    },
                    "blocks": {
                        "about_heading": {
                            "type": "text",
                            "settings": {
                                "text": "<p><strong>EVERYTHING ABOUT AUREA</strong></p>",
                                "width": "100%",
                                "alignment": "left",
                                "type_preset": "h6"
                            }
                        },
                        "about_links": {
                            "type": "menu",
                            "settings": {
                                "menu": "footer-about",
                                "alignment": "left"
                            }
                        }
                    },
                    "block_order": [
                        "about_heading",
                        "about_links"
                    ]
                },
                "collections_column": {
                    "type": "group",
                    "settings": {
                        "content_direction": "column",
                        "vertical_on_mobile": true,
                        "horizontal_alignment": "flex-start",
                        "vertical_alignment": "flex-start",
                        "gap": 8,
                        "width": "fill",
                        "inherit_color_scheme": true
                    },
                    "blocks": {
                        "collections_heading": {
                            "type": "text",
                            "settings": {
                                "text": "<p><strong>COLLECTIONS</strong></p>",
                                "width": "100%",
                                "alignment": "left",
                                "type_preset": "h6"
                            }
                        },
                        "collections_links": {
                            "type": "menu",
                            "settings": {
                                "menu": "footer-collections",
                                "alignment": "left"
                            }
                        }
                    },
                    "block_order": [
                        "collections_heading",
                        "collections_links"
                    ]
                },
                "newsletter_column": {
                    "type": "group",
                    "settings": {
                        "content_direction": "column",
                        "vertical_on_mobile": true,
                        "horizontal_alignment": "flex-start",
                        "vertical_alignment": "flex-start",
                        "gap": 12,
                        "width": "fill",
                        "inherit_color_scheme": true
                    },
                    "blocks": {
                        "newsletter_heading": {
                            "type": "text",
                            "settings": {
                                "text": "<p><strong>JOIN OUR NEWSLETTER</strong></p>",
                                "width": "100%",
                                "alignment": "left",
                                "type_preset": "h6"
                            }
                        },
                        "contact_email": {
                            "type": "text",
                            "settings": {
                                "text": "<p>CONTACT US: <a href=\"mailto:hello@yourdomain.com\">hello@yourdomain.com</a></p>",
                                "width": "100%",
                                "alignment": "left",
                                "type_preset": "paragraph"
                            }
                        },
                        "country_selector": {
                            "type": "text",
                            "settings": {
                                "text": "<p>🇬🇧 United Kingdom (GBP £)</p>",
                                "width": "100%",
                                "alignment": "left",
                                "type_preset": "paragraph"
                            }
                        },
                        "social_links": {
                            "type": "social-links",
                            "settings": {
                                "alignment": "left"
                            }
                        },
                        "trust_badge": {
                            "type": "image",
                            "settings": {
                                "alignment": "left"
                            }
                        }
                    },
                    "block_order": [
                        "newsletter_heading",
                        "contact_email",
                        "country_selector",
                        "social_links",
                        "trust_badge"
                    ]
                }
            },
            "block_order": [
                "brand_column",
                "help_column",
                "about_column",
                "collections_column",
                "newsletter_column"
            ],
            "settings": {
                "section_width": "page-width",
                "gap": 24,
                "color_scheme": "scheme-1",
                "padding-block-start": 60,
                "padding-block-end": 30
            }
        },
        "footer_utilities": {
            "type": "footer-utilities",
            "settings": {
                "section_width": "page-width",
                "color_scheme": "scheme-1",
                "padding-block-start": 16,
                "padding-block-end": 16
            }
        }
    },
    "order": [
        "footer_section",
        "footer_utilities"
    ]
}