{
    "sections": {
        "hero_main": {
            "type": "hero",
            "blocks": {
                "group_hero": {
                    "type": "group",
                    "name": "Hero Content",
                    "settings": {
                        "content_direction": "column",
                        "vertical_on_mobile": true,
                        "horizontal_alignment": "flex-start",
                        "vertical_alignment": "center",
                        "gap": 16,
                        "width": "fill"
                    },
                    "blocks": {
                        "text_headline": {
                            "type": "text",
                            "settings": {
                                "text": "<h2>Timeless Connections</h2>",
                                "width": "100%",
                                "alignment": "left",
                                "type_preset": "h1"
                            }
                        },
                        "text_subheadline": {
                            "type": "text",
                            "name": "Subheadline",
                            "settings": {
                                "text": "<p>Jewelry that speaks your heart's language.</p>",
                                "width": "fit-content",
                                "alignment": "left",
                                "type_preset": "custom",
                                "font_size": "1.25rem"
                            }
                        },
                        "button_cta": {
                            "type": "button",
                            "name": "CTA Button",
                            "settings": {
                                "label": "Shop Now",
                                "link": "shopify://collections/all",
                                "style_class": "button",
                                "width": "fit-content"
                            }
                        }
                    },
                    "block_order": [
                        "text_headline",
                        "text_subheadline",
                        "button_cta"
                    ]
                }
            },
            "block_order": [
                "group_hero"
            ],
            "settings": {
                "media_type_1": "image",
                "image_1": "shopify://shop_images/jewelry-natural-5.jpg",
                "section_width": "page-width",
                "section_height": "large",
                "color_scheme": "scheme-2",
                "toggle_overlay": true,
                "overlay_color": "#0303037d",
                "overlay_style": "gradient",
                "gradient_direction": "to top",
                "padding-block-start": 22,
                "padding-block-end": 64
            }
        },
        "trust_bar": {
            "type": "section-trust-bar",
            "blocks": {
                "badge_1": {
                    "type": "badge",
                    "settings": {
                        "icon": "📦",
                        "text": "Royal Mail Tracked"
                    }
                },
                "badge_2": {
                    "type": "badge",
                    "settings": {
                        "icon": "💧",
                        "text": "100% Waterproof"
                    }
                },
                "badge_3": {
                    "type": "badge",
                    "settings": {
                        "icon": "♾️",
                        "text": "Lifetime Warranty"
                    }
                },
                "badge_4": {
                    "type": "badge",
                    "settings": {
                        "icon": "🔒",
                        "text": "Secure Checkout"
                    }
                }
            },
            "block_order": [
                "badge_1",
                "badge_2",
                "badge_3",
                "badge_4"
            ],
            "settings": {}
        },
        "product_list": {
            "type": "product-list",
            "blocks": {
                "static-header": {
                    "type": "_product-list-content",
                    "name": "Header",
                    "static": true,
                    "settings": {
                        "content_direction": "row",
                        "horizontal_alignment": "space-between",
                        "vertical_alignment": "flex-end",
                        "width": "fill"
                    },
                    "blocks": {
                        "product_list_title": {
                            "type": "_product-list-text",
                            "name": "Title",
                            "settings": {
                                "text": "<h3>Featured Collection</h3>",
                                "width": "fit-content",
                                "alignment": "left",
                                "type_preset": "h3"
                            }
                        }
                    },
                    "block_order": [
                        "product_list_title"
                    ]
                },
                "static-product-card": {
                    "type": "_product-card",
                    "name": "Product Card",
                    "static": true,
                    "settings": {
                        "product_card_gap": 8
                    },
                    "blocks": {
                        "product_card_gallery": {
                            "type": "_product-card-gallery",
                            "name": "Media",
                            "settings": {
                                "image_ratio": "portrait"
                            }
                        },
                        "product_card_group": {
                            "type": "_product-card-group",
                            "name": "Details",
                            "settings": {
                                "content_direction": "column",
                                "gap": 0,
                                "width": "fill"
                            },
                            "blocks": {
                                "product_title": {
                                    "type": "text",
                                    "name": "Title",
                                    "settings": {
                                        "text": "<h5>{{ closest.product.title }}</h5>",
                                        "width": "100%",
                                        "alignment": "left",
                                        "type_preset": "custom",
                                        "font_size": "1.25rem"
                                    }
                                },
                                "product_price": {
                                    "type": "price",
                                    "name": "Price",
                                    "settings": {
                                        "show_sale_price_first": true,
                                        "width": "100%",
                                        "alignment": "left"
                                    }
                                }
                            },
                            "block_order": [
                                "product_title",
                                "product_price"
                            ]
                        }
                    },
                    "block_order": [
                        "product_card_gallery",
                        "product_card_group"
                    ]
                }
            },
            "settings": {
                "collection": "jewelry-example-products",
                "layout_type": "grid",
                "max_products": 4,
                "columns": 4,
                "mobile_columns": "2",
                "columns_gap": 20,
                "rows_gap": 36,
                "section_width": "page-width",
                "color_scheme": "scheme-1",
                "padding-block-start": 72,
                "padding-block-end": 72
            }
        },
        "gift_anatomy": {
            "type": "section-gift-anatomy",
            "blocks": {
                "feature_1": {
                    "type": "feature",
                    "settings": {
                        "title": "18k Gold PVD Finish",
                        "subtitle": "Not cheap alloy"
                    }
                },
                "feature_2": {
                    "type": "feature",
                    "settings": {
                        "title": "Premium Message Card",
                        "subtitle": "Heavyweight paper"
                    }
                },
                "feature_3": {
                    "type": "feature",
                    "settings": {
                        "title": "Luxury Soft-Touch Box",
                        "subtitle": "Free upgrade"
                    }
                },
                "feature_4": {
                    "type": "feature",
                    "settings": {
                        "title": "Lifetime Warranty",
                        "subtitle": "Will never tarnish"
                    }
                }
            },
            "block_order": [
                "feature_1",
                "feature_2",
                "feature_3",
                "feature_4"
            ],
            "settings": {
                "image": "shopify://shop_images/jewelry-natural-1.jpg",
                "preheading": "What's Inside",
                "heading": "The Complete Gifting Experience",
                "button_text": "Gift Her Now",
                "button_link": "shopify://collections/all"
            }
        },
        "testimonials": {
            "type": "section-aurea-testimonials",
            "blocks": {
                "testimonial_1": {
                    "type": "testimonial",
                    "settings": {
                        "rating": 5,
                        "quote": "Absolutely stunning! The quality is amazing and it arrived so quickly. I've already bought three pieces and get compliments every time I wear them.",
                        "author": "Sarah M.",
                        "location": "London, UK",
                        "verified": true
                    }
                },
                "testimonial_2": {
                    "type": "testimonial",
                    "settings": {
                        "rating": 5,
                        "quote": "Beautiful jewellery at such great prices. The packaging was gorgeous too - perfect for gifting. Will definitely be ordering again!",
                        "author": "Emma T.",
                        "location": "Manchester, UK",
                        "verified": true
                    }
                },
                "testimonial_3": {
                    "type": "testimonial",
                    "settings": {
                        "rating": 5,
                        "quote": "I was hesitant to order online but the photos are accurate and the pieces are even prettier in person. Fast delivery and great customer service.",
                        "author": "Jessica L.",
                        "location": "Edinburgh, UK",
                        "verified": true
                    }
                }
            },
            "block_order": [
                "testimonial_1",
                "testimonial_2",
                "testimonial_3"
            ],
            "settings": {
                "eyebrow": "Loved by Thousands",
                "title": "What Our Customers Say",
                "subtitle": "Real reviews from real customers",
                "show_summary": true,
                "avg_rating": "4.9",
                "total_reviews": "50+",
                "recommend_percent": "98%"
            }
        },
        "homepage_faq": {
            "type": "section-homepage-faq",
            "blocks": {
                "faq_1": {
                    "type": "faq",
                    "settings": {
                        "question": "How long does UK delivery take?",
                        "answer": "Since we are a small studio practicing sustainable small-batch restocking, our delivery time is usually 7-12 business days. We promise it's worth the wait! You can track your order every step of the way."
                    }
                },
                "faq_2": {
                    "type": "faq",
                    "settings": {
                        "question": "Will it tarnish or turn green?",
                        "answer": "Never. We use high-quality Stainless Steel with 18K Gold PVD plating. This is far more durable than traditional gold plating. No green necks, no fading—guaranteed."
                    }
                },
                "faq_3": {
                    "type": "faq",
                    "settings": {
                        "question": "Can I wear it in the shower?",
                        "answer": "Yes, go ahead! Our jewelry is designed for real life. It is waterproof, sweatproof, and perfume-safe. Wear it in the shower, the gym, or the ocean without worry."
                    }
                },
                "faq_4": {
                    "type": "faq",
                    "settings": {
                        "question": "Does it come in a gift box?",
                        "answer": "Yes. Every piece is packed in our eco-friendly luxury box and a soft pouch. We don't include price tags in the package, so it's perfectly safe to send directly to your special someone."
                    }
                },
                "faq_5": {
                    "type": "faq",
                    "settings": {
                        "question": "Can I add a personal message?",
                        "answer": "Absolutely! We believe in the personal touch. Just leave your note at checkout, and we will hand-write your message on a premium gift card for free."
                    }
                },
                "faq_6": {
                    "type": "faq",
                    "settings": {
                        "question": "What if she doesn't like it?",
                        "answer": "We offer a 14-day return policy. If the piece isn't quite right, simply contact us within 14 days of receiving it for a hassle-free return or exchange."
                    }
                }
            },
            "block_order": [
                "faq_1",
                "faq_2",
                "faq_3",
                "faq_4",
                "faq_5",
                "faq_6"
            ],
            "settings": {
                "preheading": "Questions?",
                "heading": "We've Got Answers"
            }
        },
        "newsletter": {
            "type": "section-aurea-newsletter",
            "settings": {
                "preheading": "Join the Aurea Club",
                "heading": "Get 10% OFF Your First Order",
                "subtitle": "Be the first to know about new arrivals, exclusive offers, and behind-the-scenes content from our London studio.",
                "placeholder": "Enter your email",
                "button_text": "Subscribe",
                "success_message": "Welcome to Aurea! ✨ Check your inbox for your 10% discount code.",
                "disclaimer": "No spam, ever. Unsubscribe anytime."
            }
        }
    },
    "order": [
        "hero_main",
        "trust_bar",
        "product_list",
        "gift_anatomy",
        "testimonials",
        "homepage_faq",
        "newsletter"
    ]
}