{
  "sections": {
    "main": {
      "type": "product-information",
      "blocks": {
        "media-gallery": {
          "type": "_product-media-gallery",
          "static": true,
          "settings": {
            "media_presentation": "grid",
            "media_columns": "two",
            "image_gap": 4,
            "large_first_image": false,
            "icons_style": "none",
            "slideshow_controls_style": "counter",
            "slideshow_mobile_controls_style": "dots",
            "thumbnail_position": "right",
            "thumbnail_width": 44,
            "thumbnail_radius": 0,
            "aspect_ratio": "adapt",
            "constrain_to_viewport": true,
            "media_fit": "contain",
            "media_radius": 0,
            "extend_media": false,
            "zoom": true,
            "video_loop": false,
            "hide_variants": true,
            "padding-block-start": 0,
            "padding-block-end": 0,
            "padding-inline-start": 0,
            "padding-inline-end": 0
          },
          "blocks": {}
        },
        "product-details": {
          "type": "_product-details",
          "static": true,
          "settings": {
            "width": "fill",
            "custom_width": 100,
            "width_mobile": "fill",
            "custom_width_mobile": 100,
            "height": "fit",
            "details_position": "flex-start",
            "gap": 28,
            "sticky_details_desktop": true,
            "inherit_color_scheme": true,
            "color_scheme": "scheme-1",
            "background_media": "none",
            "video_position": "cover",
            "background_image_position": "cover",
            "border": "none",
            "border_width": 1,
            "border_opacity": 100,
            "border_radius": 0,
            "padding-block-start": 24,
            "padding-block-end": 24,
            "padding-inline-start": 0,
            "padding-inline-end": 0
          },
          "blocks": {
            "group_icgrde": {
              "type": "group",
              "name": "Header",
              "settings": {
                "content_direction": "column",
                "vertical_on_mobile": true,
                "horizontal_alignment": "flex-start",
                "vertical_alignment": "center",
                "align_baseline": false,
                "horizontal_alignment_flex_direction_column": "flex-start",
                "vertical_alignment_flex_direction_column": "center",
                "gap": 12,
                "width": "fill",
                "custom_width": 100,
                "width_mobile": "fill",
                "custom_width_mobile": 100,
                "height": "fit",
                "custom_height": 100,
                "inherit_color_scheme": true,
                "color_scheme": "",
                "background_media": "none",
                "video_position": "cover",
                "background_image_position": "cover",
                "border": "none",
                "border_width": 1,
                "border_opacity": 100,
                "border_radius": 0,
                "toggle_overlay": false,
                "overlay_color": "#00000026",
                "overlay_style": "solid",
                "gradient_direction": "to top",
                "link": "",
                "open_in_new_tab": false,
                "placeholder": "",
                "padding-block-start": 0,
                "padding-block-end": 0,
                "padding-inline-start": 0,
                "padding-inline-end": 0
              },
              "blocks": {
                "text_xrnftG": {
                  "type": "text",
                  "name": "Product title",
                  "settings": {
                    "text": "<h1>{{ closest.product.title }}</h1>",
                    "width": "100%",
                    "max_width": "normal",
                    "alignment": "left",
                    "type_preset": "h3",
                    "font": "var(--font-primary--family)",
                    "font_size": "",
                    "line_height": "normal",
                    "letter_spacing": "normal",
                    "case": "none",
                    "wrap": "pretty",
                    "color": "",
                    "background": false,
                    "background_color": "#00000026",
                    "corner_radius": 0,
                    "padding-block-start": 0,
                    "padding-block-end": 0,
                    "padding-inline-start": 0,
                    "padding-inline-end": 0
                  },
                  "blocks": {}
                },
                "judge_me_reviews_preview_badge_gx4qBw": {
                  "type": "shopify://apps/judge-me-reviews/blocks/preview_badge/61ccd3b1-a9f2-4160-9fe9-4fec8413e5d8",
                  "settings": {}
                },
                "price_tVjtKg": {
                  "type": "price",
                  "settings": {
                    "show_sale_price_first": true,
                    "show_installments": false,
                    "show_tax_info": false,
                    "type_preset": "paragraph",
                    "width": "100%",
                    "alignment": "left",
                    "font": "var(--font-body--family)",
                    "font_size": "1rem",
                    "line_height": "normal",
                    "letter_spacing": "normal",
                    "case": "none",
                    "color": "var(--color-foreground)",
                    "padding-block-start": 4,
                    "padding-block-end": 0,
                    "padding-inline-start": 0,
                    "padding-inline-end": 0
                  },
                  "blocks": {}
                }
              },
              "block_order": [
                "text_xrnftG",
                "judge_me_reviews_preview_badge_gx4qBw",
                "price_tVjtKg"
              ]
            },
            "divider_VJhene": {
              "type": "_divider",
              "name": "t:names.divider",
              "settings": {
                "thickness": 1,
                "corner_radius": "square",
                "width_percent": 100,
                "padding-block-start": 0,
                "padding-block-end": 0
              },
              "blocks": {}
            },
            "variant_picker_R3rGDr": {
              "type": "variant-picker",
              "settings": {
                "variant_style": "buttons",
                "show_swatches": false,
                "alignment": "left",
                "padding-block-start": 0,
                "padding-block-end": 0,
                "padding-inline-start": 0,
                "padding-inline-end": 0
              },
              "blocks": {}
            },
            "buy_buttons_eYQEYi": {
              "type": "buy-buttons",
              "settings": {
                "stacking": true,
                "show_pickup_availability": false,
                "gift_card_form": true,
                "padding-block-start": 0,
                "padding-block-end": 0,
                "padding-inline-start": 0,
                "padding-inline-end": 0
              },
              "blocks": {
                "quantity": {
                  "type": "quantity",
                  "static": true,
                  "settings": {},
                  "blocks": {}
                },
                "add-to-cart": {
                  "type": "add-to-cart",
                  "static": true,
                  "settings": {
                    "style_class": "button"
                  },
                  "blocks": {}
                },
                "accelerated-checkout": {
                  "type": "accelerated-checkout",
                  "static": true,
                  "settings": {},
                  "blocks": {}
                }
              },
              "block_order": []
            },
            "product_description_P98UdG": {
              "type": "product-description",
              "name": "t:names.product_description",
              "settings": {
                "text": "<p>{{ closest.product.description }}</p>",
                "width": "fit-content",
                "max_width": "normal",
                "alignment": "left",
                "type_preset": "rte",
                "font": "var(--font-body--family)",
                "font_size": "1rem",
                "line_height": "normal",
                "letter_spacing": "normal",
                "case": "none",
                "wrap": "pretty",
                "color": "var(--color-foreground)",
                "background": false,
                "background_color": "#00000026",
                "corner_radius": 0,
                "padding-block-start": 0,
                "padding-block-end": 0,
                "padding-inline-start": 0,
                "padding-inline-end": 0
              },
              "blocks": {}
            },
            "text_aEtTtq": {
              "type": "text",
              "name": "Product description",
              "settings": {
                "text": "{{ closest.product.description }}",
                "width": "100%",
                "max_width": "normal",
                "alignment": "left",
                "type_preset": "rte",
                "font": "var(--font-primary--family)",
                "font_size": "",
                "line_height": "normal",
                "letter_spacing": "normal",
                "case": "none",
                "wrap": "pretty",
                "color": "",
                "background": false,
                "background_color": "#00000026",
                "corner_radius": 0,
                "padding-block-start": 0,
                "padding-block-end": 0,
                "padding-inline-start": 0,
                "padding-inline-end": 0
              },
              "blocks": {}
            }
          },
          "block_order": [
            "group_icgrde",
            "divider_VJhene",
            "variant_picker_R3rGDr",
            "buy_buttons_eYQEYi",
            "product_description_P98UdG",
            "text_aEtTtq"
          ]
        }
      },
      "settings": {
        "content_width": "content-center-aligned",
        "desktop_media_position": "left",
        "equal_columns": false,
        "limit_details_width": false,
        "gap": 48,
        "enable_sticky_add_to_cart": true,
        "color_scheme": "",
        "padding-block-start": 0,
        "padding-block-end": 0
      }
    },
    "section_product_accordion_tx6C7V": {
      "type": "section-product-accordion",
      "blocks": {
        "accordion_item_kpNgmD": {
          "type": "accordion_item",
          "settings": {
            "title": "Quality & Details",
            "content": "<p>Our rings are crafted with precision and care, featuring high-quality materials that ensure lasting beauty.</p><ul><li>18kt Yellow Gold Vermeil</li><li>925 Sterling Silver base</li><li>Hypoallergenic and nickel-free</li></ul>"
          }
        },
        "accordion_item_MgU48f": {
          "type": "accordion_item",
          "settings": {
            "title": "Properties of Black Obsidian",
            "content": "<p><strong>Black Obsidian | Stone of Strength</strong></p><p>This formidable stone is renowned for its strength and resilience. The deep, lustrous black surface reflects a powerful energy that aids in protection and grounding.</p>"
          }
        },
        "accordion_item_EMhPDy": {
          "type": "accordion_item",
          "settings": {
            "title": "Shipping & Returns",
            "content": "<p><strong>Shipping:</strong> Free UK delivery on orders over £50. Royal Mail Tracked 48.</p><p><strong>Returns:</strong> 30-day hassle-free returns. No questions asked.</p>"
          }
        }
      },
      "block_order": [
        "accordion_item_kpNgmD",
        "accordion_item_MgU48f",
        "accordion_item_EMhPDy"
      ],
      "name": "Product Accordion",
      "settings": {}
    },
    "section_bundle_selector_eAPTLt": {
      "type": "section-bundle-selector",
      "blocks": {
        "tier_z797ew": {
          "type": "tier",
          "settings": {
            "quantity": 1,
            "discount_percent": 0,
            "show_free_shipping": false,
            "extra_bonus": "",
            "is_popular": false
          }
        },
        "tier_FLVGnT": {
          "type": "tier",
          "settings": {
            "quantity": 2,
            "discount_percent": 10,
            "show_free_shipping": true,
            "extra_bonus": "",
            "is_popular": true
          }
        },
        "tier_fEUDhA": {
          "type": "tier",
          "settings": {
            "quantity": 3,
            "discount_percent": 20,
            "show_free_shipping": true,
            "extra_bonus": "Mystery Gift",
            "is_popular": false
          }
        }
      },
      "block_order": [
        "tier_z797ew",
        "tier_FLVGnT",
        "tier_fEUDhA"
      ],
      "name": "Bundle Selector",
      "settings": {
        "title": "BUNDLE"
      }
    },
    "section_trust_delivery_6B7gB7": {
      "type": "section-trust-delivery",
      "name": "Trust & Delivery Block",
      "settings": {}
    },
    "section_product_info_tabs_VdqeMx": {
      "type": "section-product-info-tabs",
      "blocks": {
        "tab_dg4zdW": {
          "type": "tab",
          "settings": {
            "title": "DETAILS & SPECIFICATIONS",
            "icon": "info",
            "content": "<p>Add product details, dimensions, materials, and care instructions here.</p>"
          }
        },
        "tab_CTCdiL": {
          "type": "tab",
          "settings": {
            "title": "DELIVERY & RETURNS",
            "icon": "truck",
            "content": "<p>Free UK delivery on orders over £50. Express delivery available. 30-day returns policy.</p>"
          }
        },
        "tab_TrjBHf": {
          "type": "tab",
          "settings": {
            "title": "QUALITY & MATERIALS",
            "icon": "diamond",
            "content": "<p>All our pieces are crafted from premium materials with attention to every detail.</p>"
          }
        },
        "tab_8EF48y": {
          "type": "tab",
          "settings": {
            "title": "JEWELLERY CARE",
            "icon": "heart",
            "content": "<p>Keep your jewellery looking its best with our care tips.</p>"
          }
        },
        "tab_3FpAiN": {
          "type": "tab",
          "settings": {
            "title": "GIFTING OPTIONS",
            "icon": "gift",
            "content": "<p>As the home of personalised gifting, we believe in creating moments that show just how much you care. That's why every design comes wrapped with love in recyclable luxury packaging.</p>"
          }
        }
      },
      "block_order": [
        "tab_dg4zdW",
        "tab_CTCdiL",
        "tab_TrjBHf",
        "tab_8EF48y",
        "tab_3FpAiN"
      ],
      "name": "Product Info Tabs",
      "settings": {
        "tab_alignment": "center",
        "active_tab_color": "#C45E30",
        "padding_top": 40,
        "padding_bottom": 40
      }
    },
    "176712426789c61a51": {
      "type": "_blocks",
      "blocks": {
        "judge_me_reviews_cards_carousel_y7EBYx": {
          "type": "shopify://apps/judge-me-reviews/blocks/cards_carousel/61ccd3b1-a9f2-4160-9fe9-4fec8413e5d8",
          "settings": {
            "show_sample_reviews": true,
            "reviews_selection": "all",
            "products": [],
            "star_rating": "all",
            "show_review_media": true,
            "display_order": "media_first",
            "no_image_fallback": "review_text_only",
            "max_reviews": 20,
            "review_length": "medium",
            "text_size": "medium",
            "image_ratio": "1",
            "reviews_shown": 4,
            "show_reviewer_name": true,
            "show_product_name": true,
            "hide_arrows_mobile": true,
            "arrows_position": "sides",
            "max_width": 1100,
            "corner_styling": "soft",
            "header_text_color": "#000000",
            "text_color": "#000000",
            "card_color": "#F9F9F9",
            "stars_color": "",
            "arrows_color": "#000000",
            "transition_speed": 5,
            "header_text": "Customers are saying",
            "show_average_rating": true
          }
        },
        "judge_me_reviews_all_reviews_page_8atbDL": {
          "type": "shopify://apps/judge-me-reviews/blocks/all_reviews_page/61ccd3b1-a9f2-4160-9fe9-4fec8413e5d8",
          "disabled": true,
          "settings": {
            "max_width": 1200,
            "review_source": "all",
            "show_tabs": false,
            "show_first": "product",
            "empty_state": "empty_widget"
          }
        }
      },
      "block_order": [
        "judge_me_reviews_cards_carousel_y7EBYx",
        "judge_me_reviews_all_reviews_page_8atbDL"
      ],
      "settings": {
        "content_direction": "column",
        "vertical_on_mobile": true,
        "horizontal_alignment": "flex-start",
        "vertical_alignment": "center",
        "align_baseline": false,
        "horizontal_alignment_flex_direction_column": "flex-start",
        "vertical_alignment_flex_direction_column": "center",
        "gap": 12,
        "section_width": "page-width",
        "section_height": "",
        "section_height_custom": 50,
        "color_scheme": "",
        "background_media": "none",
        "video_position": "cover",
        "background_image_position": "cover",
        "border": "none",
        "border_width": 1,
        "border_opacity": 100,
        "border_radius": 0,
        "toggle_overlay": false,
        "overlay_color": "#00000026",
        "overlay_style": "solid",
        "gradient_direction": "to top",
        "padding-block-start": 0,
        "padding-block-end": 0
      }
    },
    "product_recommendations_qggXJq": {
      "type": "product-recommendations",
      "blocks": {
        "text_cbcgyb": {
          "type": "text",
          "name": "t:names.header",
          "settings": {
            "text": "<h3>You may also like </h3>",
            "width": "fit-content",
            "max_width": "normal",
            "alignment": "left",
            "type_preset": "h4",
            "font": "var(--font-primary--family)",
            "font_size": "",
            "line_height": "normal",
            "letter_spacing": "normal",
            "case": "none",
            "wrap": "pretty",
            "color": "",
            "background": false,
            "background_color": "#00000026",
            "corner_radius": 0,
            "padding-block-start": 0,
            "padding-block-end": 0,
            "padding-inline-start": 0,
            "padding-inline-end": 0
          },
          "blocks": {}
        },
        "static-product-card": {
          "type": "_product-card",
          "name": "t:names.product_card",
          "static": true,
          "settings": {
            "product_card_gap": 8,
            "inherit_color_scheme": true,
            "color_scheme": "",
            "border": "none",
            "border_width": 1,
            "border_opacity": 100,
            "border_radius": 0,
            "padding-block-start": 0,
            "padding-block-end": 8,
            "padding-inline-start": 0,
            "padding-inline-end": 0
          },
          "blocks": {
            "product_card_gallery_DNizbJ": {
              "type": "_product-card-gallery",
              "name": "t:names.product_card_media",
              "settings": {
                "image_ratio": "adapt",
                "border": "none",
                "border_width": 1,
                "border_opacity": 100,
                "border_radius": 0,
                "padding-block-start": 0,
                "padding-block-end": 0,
                "padding-inline-start": 0,
                "padding-inline-end": 0
              },
              "blocks": {}
            },
            "product_title_M7MJkb": {
              "type": "product-title",
              "name": "t:names.product_title",
              "settings": {
                "width": "100%",
                "max_width": "normal",
                "alignment": "left",
                "type_preset": "rte",
                "font": "var(--font-body--family)",
                "font_size": "1rem",
                "line_height": "normal",
                "letter_spacing": "normal",
                "case": "none",
                "wrap": "pretty",
                "color": "var(--color-foreground)",
                "background": false,
                "background_color": "#00000026",
                "corner_radius": 0,
                "padding-block-start": 4,
                "padding-block-end": 0,
                "padding-inline-start": 0,
                "padding-inline-end": 0
              },
              "blocks": {}
            },
            "price_gLWgA6": {
              "type": "price",
              "settings": {
                "show_sale_price_first": true,
                "show_installments": false,
                "show_tax_info": false,
                "type_preset": "h6",
                "width": "100%",
                "alignment": "left",
                "font": "var(--font-body--family)",
                "font_size": "1rem",
                "line_height": "normal",
                "letter_spacing": "normal",
                "case": "none",
                "color": "var(--color-foreground)",
                "padding-block-start": 0,
                "padding-block-end": 0,
                "padding-inline-start": 0,
                "padding-inline-end": 0
              },
              "blocks": {}
            }
          },
          "block_order": [
            "product_card_gallery_DNizbJ",
            "product_title_M7MJkb",
            "price_gLWgA6"
          ]
        }
      },
      "block_order": [
        "text_cbcgyb"
      ],
      "name": "t:names.product_recommendations",
      "settings": {
        "product": "{{ closest.product }}",
        "recommendation_type": "related",
        "layout_type": "grid",
        "carousel_on_mobile": false,
        "max_products": 4,
        "columns": 4,
        "mobile_columns": "2",
        "columns_gap": 12,
        "rows_gap": 24,
        "icons_style": "arrow",
        "icons_shape": "none",
        "section_width": "page-width",
        "gap": 28,
        "color_scheme": "scheme-1",
        "padding-block-start": 48,
        "padding-block-end": 48
      }
    }
  },
  "order": [
    "main",
    "section_product_accordion_tx6C7V",
    "section_bundle_selector_eAPTLt",
    "section_trust_delivery_6B7gB7",
    "section_product_info_tabs_VdqeMx",
    "176712426789c61a51",
    "product_recommendations_qggXJq"
  ]
}