{"sections":{"hero_p9CmMG":{"type":"hero","blocks":{"group_6w9b3Y":{"type":"group","name":"t:names.group","settings":{"link":"","open_in_new_tab":false,"content_direction":"column","vertical_on_mobile":true,"horizontal_alignment":"flex-start","vertical_alignment":"center","align_baseline":false,"horizontal_alignment_flex_direction_column":"flex-start","vertical_alignment_flex_direction_column":"center","gap":16,"width":"fill","custom_width":100,"width_mobile":"fill","custom_width_mobile":100,"height":"fit","custom_height":100,"inherit_color_scheme":true,"color_scheme":"","background_media":"none","video_position":"cover","background_image_position":"cover","border":"none","border_width":1,"border_opacity":100,"border_radius":0,"toggle_overlay":false,"overlay_color":"#00000026","overlay_style":"solid","gradient_direction":"to top","padding-block-start":0,"padding-block-end":0,"padding-inline-start":0,"padding-inline-end":0},"blocks":{"text_MzxeaV":{"type":"text","settings":{"text":"<h2>Timeless Connections</h2>","width":"100%","max_width":"normal","alignment":"left","type_preset":"h1","font":"var(--font-primary--family)","font_size":"","line_height":"normal","letter_spacing":"normal","case":"none","wrap":"pretty","color":"","background":false,"background_color":"#00000026","corner_radius":0,"padding-block-start":0,"padding-block-end":0,"padding-inline-start":0,"padding-inline-end":0},"blocks":{}},"text_Eh3BEw":{"type":"text","name":"t:names.text","settings":{"text":"<p>Jewelry that speaks your heart's language.</p>","width":"fit-content","max_width":"normal","alignment":"left","type_preset":"custom","font":"var(--font-primary--family)","font_size":"1.25rem","line_height":"normal","letter_spacing":"normal","case":"none","wrap":"pretty","color":"","background":false,"background_color":"#00000026","corner_radius":0,"padding-block-start":0,"padding-block-end":0,"padding-inline-start":0,"padding-inline-end":0},"blocks":{}},"button_x7Ddd8":{"type":"button","name":"t:names.button","settings":{"label":"Shop now","link":"shopify://collections/all","open_in_new_tab":false,"style_class":"button","width":"fit-content","custom_width":100,"width_mobile":"fit-content","custom_width_mobile":100},"blocks":{}}},"block_order":["text_MzxeaV","text_Eh3BEw","button_x7Ddd8"]}},"block_order":["group_6w9b3Y"],"name":"t:names.hero","settings":{"link":"","open_in_new_tab":false,"media_type_1":"image","image_1":"shopify://shop_images/jewelry-minimal-1.jpg","media_type_2":"image","content_direction":"column","vertical_on_mobile":true,"horizontal_alignment":"flex-start","vertical_alignment":"center","align_baseline":false,"horizontal_alignment_flex_direction_column":"flex-start","vertical_alignment_flex_direction_column":"flex-end","gap":0,"section_width":"page-width","section_height":"large","section_height_custom":5,"color_scheme":"scheme-2","toggle_overlay":true,"overlay_color":"#0303037d","overlay_style":"gradient","gradient_direction":"to top","blurred_reflection":false,"reflection_opacity":75,"padding-block-start":24,"padding-block-end":64}},"product_list_themegen":{"type":"product-list","disabled":false,"blocks":{"static-header":{"type":"_product-list-content","name":"t:names.header","static":true,"settings":{"content_direction":"row","vertical_on_mobile":false,"horizontal_alignment":"space-between","vertical_alignment":"flex-end","align_baseline":true,"horizontal_alignment_flex_direction_column":"flex-start","vertical_alignment_flex_direction_column":"center","gap":12,"width":"fill","custom_width":100,"width_mobile":"fill","custom_width_mobile":100,"height":"fit","custom_height":100,"inherit_color_scheme":true,"color_scheme":"","background_media":"none","video_position":"cover","background_image_position":"cover","border":"none","border_width":1,"border_opacity":100,"border_radius":0,"padding-block-start":0,"padding-block-end":0,"padding-inline-start":0,"padding-inline-end":0},"blocks":{"product_list_text_Bd9pVh":{"type":"_product-list-text","name":"t:names.collection_title","settings":{"text":"<h3>Featured products</h3>","width":"fit-content","max_width":"normal","alignment":"left","type_preset":"rte","font":"var(--font-body--family)","font_size":"","line_height":"normal","letter_spacing":"normal","case":"none","wrap":"pretty","color":"","background":false,"background_color":"#00000026","corner_radius":0,"padding-block-start":0,"padding-block-end":0,"padding-inline-start":0,"padding-inline-end":0},"blocks":{}}},"block_order":["product_list_text_Bd9pVh"]},"static-product-card":{"type":"_product-card","name":"t:names.product_card","static":true,"settings":{"product_card_gap":8,"inherit_color_scheme":true,"color_scheme":"","border":"none","border_width":1,"border_opacity":100,"border_radius":0,"padding-block-start":0,"padding-block-end":0,"padding-inline-start":0,"padding-inline-end":0},"blocks":{"product_card_gallery_PhczVC":{"type":"_product-card-gallery","name":"t:names.product_card_media","settings":{"image_ratio":"portrait","border":"none","border_width":1,"border_opacity":100,"border_radius":0,"padding-block-start":0,"padding-block-end":0,"padding-inline-start":0,"padding-inline-end":0},"blocks":{}},"group_McqFAT":{"type":"_product-card-group","name":"t:names.group","settings":{"link":"","open_in_new_tab":false,"content_direction":"column","vertical_on_mobile":true,"horizontal_alignment":"flex-start","vertical_alignment":"center","align_baseline":false,"horizontal_alignment_flex_direction_column":"flex-start","vertical_alignment_flex_direction_column":"center","gap":0,"width":"fill","custom_width":100,"width_mobile":"fill","custom_width_mobile":100,"height":"fit","custom_height":100,"inherit_color_scheme":true,"color_scheme":"","background_media":"none","video_position":"cover","background_image_position":"cover","border":"none","border_width":1,"border_opacity":100,"border_radius":0,"toggle_overlay":false,"overlay_color":"#00000026","overlay_style":"solid","gradient_direction":"to top","padding-block-start":0,"padding-block-end":0,"padding-inline-start":0,"padding-inline-end":0},"blocks":{"text_MEKzFi":{"type":"text","name":"t:names.text","settings":{"text":"<h5>{{ closest.product.title }}</h5>","width":"100%","max_width":"normal","alignment":"left","type_preset":"custom","font":"var(--font-body--family)","font_size":"1.5rem","line_height":"normal","letter_spacing":"normal","case":"none","wrap":"balance","color":"","background":false,"background_color":"#00000026","corner_radius":0,"padding-block-start":0,"padding-block-end":0,"padding-inline-start":0,"padding-inline-end":0},"blocks":{}},"price_37riDf":{"type":"price","name":"t:names.product_price","settings":{"product":"{{ closest.product }}","show_sale_price_first":true,"show_installments":false,"show_tax_info":false,"type_preset":"paragraph","width":"100%","alignment":"left","font":"var(--font-body--family)","font_size":"1rem","line_height":"normal","letter_spacing":"normal","case":"none","color":"var(--color-foreground)","padding-block-start":0,"padding-block-end":0,"padding-inline-start":0,"padding-inline-end":0},"blocks":{}},"swatches_87VJC8":{"type":"swatches","name":"t:names.swatches","settings":{"product":"{{ closest.product }}","product_swatches_alignment":"flex-start","product_swatches_alignment_mobile":"flex-start","hide_padding":false,"product_swatches_padding_top":4,"product_swatches_padding_bottom":0,"product_swatches_padding_left":0,"product_swatches_padding_right":0},"blocks":{}}},"block_order":["text_MEKzFi","price_37riDf","swatches_87VJC8"]}},"block_order":["product_card_gallery_PhczVC","group_McqFAT"]}},"name":"t:names.products_grid","settings":{"collection":"jewelry-example-products","layout_type":"grid","carousel_on_mobile":false,"max_products":4,"columns":4,"mobile_columns":"2","columns_gap":20,"rows_gap":36,"icons_style":"arrow","icons_shape":"none","section_width":"page-width","horizontal_alignment":"flex-start","gap":28,"color_scheme":"scheme-1","padding-block-start":72,"padding-block-end":72}},"hero_w7HaTj":{"type":"hero","blocks":{"text_3b9a6L":{"type":"text","settings":{"text":"<p>At AUREA, we believe in celebrating love with every exquisite piece.</p>","width":"fit-content","max_width":"narrow","alignment":"left","type_preset":"h3","font":"var(--font-body--family)","font_size":"1rem","line_height":"normal","letter_spacing":"normal","case":"none","wrap":"pretty","color":"var(--color-foreground-heading)","background":false,"background_color":"#00000026","corner_radius":0,"padding-block-start":0,"padding-block-end":0,"padding-inline-start":0,"padding-inline-end":0},"blocks":{}}},"block_order":["text_3b9a6L"],"name":"t:names.hero","settings":{"link":"shopify://collections/all","open_in_new_tab":true,"media_type_1":"image","image_1":"shopify://shop_images/jewelry-minimal-2.jpg","media_type_2":"image","content_direction":"column","vertical_on_mobile":true,"horizontal_alignment":"space-between","vertical_alignment":"flex-end","align_baseline":false,"horizontal_alignment_flex_direction_column":"center","vertical_alignment_flex_direction_column":"space-between","gap":16,"section_width":"page-width","section_height":"large","section_height_custom":50,"color_scheme":"scheme-4","toggle_overlay":true,"overlay_color":"#00000057","overlay_style":"gradient","gradient_direction":"to bottom","blurred_reflection":false,"reflection_opacity":75,"padding-block-start":72,"padding-block-end":72}},"section_x8mrnx":{"type":"section","blocks":{"text_UJjfAB":{"type":"text","name":"t:names.text","settings":{"text":"<p>Our shop</p>","width":"fit-content","max_width":"normal","alignment":"left","type_preset":"rte","font":"var(--font-body--family)","font_size":"1rem","line_height":"normal","letter_spacing":"normal","case":"none","wrap":"pretty","color":"var(--color-foreground)","background":false,"background_color":"#00000026","corner_radius":0,"padding-block-start":0,"padding-block-end":0,"padding-inline-start":0,"padding-inline-end":0},"blocks":{}},"text_eFMntb":{"type":"text","settings":{"text":"<p>AUREA embodies the essence of refined elegance, fusing minimalist aesthetics with cultural sophistication to craft jewelry that resonates on a personal level.</p>","width":"100%","max_width":"narrow","alignment":"left","type_preset":"h2","font":"var(--font-body--family)","font_size":"1rem","line_height":"normal","letter_spacing":"normal","case":"none","wrap":"pretty","color":"","background":false,"background_color":"#00000026","corner_radius":0,"padding-block-start":0,"padding-block-end":0,"padding-inline-start":0,"padding-inline-end":0},"blocks":{}},"button_TmU98M":{"type":"button","settings":{"label":"Learn more","link":"shopify://collections/all","open_in_new_tab":false,"style_class":"link","width":"fit-content","custom_width":100,"width_mobile":"fit-content","custom_width_mobile":100},"blocks":{}}},"block_order":["text_UJjfAB","text_eFMntb","button_TmU98M"],"name":"t:names.pull_quote","settings":{"content_direction":"column","vertical_on_mobile":true,"horizontal_alignment":"center","vertical_alignment":"center","align_baseline":false,"horizontal_alignment_flex_direction_column":"flex-start","vertical_alignment_flex_direction_column":"space-between","gap":12,"section_width":"page-width","section_height":"medium","section_height_custom":50,"color_scheme":"scheme-1","background_media":"none","video_position":"cover","background_image_position":"cover","border":"none","border_width":1,"border_opacity":100,"border_radius":0,"toggle_overlay":false,"overlay_color":"#00000026","overlay_style":"solid","gradient_direction":"to top","padding-block-start":80,"padding-block-end":80}},"section_Ea3hn6":{"type":"section","blocks":{"group_hdfm6d":{"type":"group","name":"t:names.group","settings":{"link":"","open_in_new_tab":false,"content_direction":"column","vertical_on_mobile":true,"horizontal_alignment":"flex-start","vertical_alignment":"center","align_baseline":false,"horizontal_alignment_flex_direction_column":"flex-start","vertical_alignment_flex_direction_column":"center","gap":12,"width":"fill","custom_width":100,"width_mobile":"fill","custom_width_mobile":100,"height":"fill","custom_height":100,"inherit_color_scheme":true,"color_scheme":"","background_media":"image","video_position":"cover","background_image":"shopify://shop_images/jewelry-minimal-3.jpg","background_image_position":"cover","border":"none","border_width":1,"border_opacity":100,"border_radius":0,"toggle_overlay":false,"overlay_color":"#00000026","overlay_style":"solid","gradient_direction":"to top","padding-block-start":0,"padding-block-end":0,"padding-inline-start":0,"padding-inline-end":0},"blocks":{}},"group_6BiLfz":{"type":"group","name":"t:names.group","settings":{"link":"","open_in_new_tab":false,"content_direction":"column","vertical_on_mobile":true,"horizontal_alignment":"flex-start","vertical_alignment":"center","align_baseline":false,"horizontal_alignment_flex_direction_column":"flex-start","vertical_alignment_flex_direction_column":"center","gap":12,"width":"fill","custom_width":100,"width_mobile":"fill","custom_width_mobile":100,"height":"fill","custom_height":100,"inherit_color_scheme":true,"color_scheme":"","background_media":"image","video_position":"cover","background_image":"shopify://shop_images/jewelry-minimal-4.jpg","background_image_position":"cover","border":"none","border_width":1,"border_opacity":100,"border_radius":0,"toggle_overlay":false,"overlay_color":"#00000026","overlay_style":"solid","gradient_direction":"to top","padding-block-start":0,"padding-block-end":0,"padding-inline-start":0,"padding-inline-end":0},"blocks":{}},"group_GXUz9i":{"type":"group","name":"t:names.group","settings":{"link":"","open_in_new_tab":false,"content_direction":"column","vertical_on_mobile":true,"horizontal_alignment":"flex-start","vertical_alignment":"center","align_baseline":false,"horizontal_alignment_flex_direction_column":"flex-start","vertical_alignment_flex_direction_column":"space-between","gap":12,"width":"custom","custom_width":30,"width_mobile":"fill","custom_width_mobile":100,"height":"fill","custom_height":100,"inherit_color_scheme":false,"color_scheme":"scheme-4","background_media":"none","video_position":"cover","background_image":"shopify://shop_images/jewelry-minimal-5.jpg","background_image_position":"cover","border":"none","border_width":1,"border_opacity":100,"border_radius":0,"toggle_overlay":false,"overlay_color":"#00000026","overlay_style":"solid","gradient_direction":"to top","padding-block-start":60,"padding-block-end":60,"padding-inline-start":60,"padding-inline-end":60},"blocks":{"text_wrrtmK":{"type":"text","name":"t:names.heading","settings":{"text":"<h3>Adorn yourself in meanings that matter, where each design whispers of heartfelt connections.</h3>","width":"fit-content","max_width":"normal","alignment":"left","type_preset":"rte","font":"var(--font-body--family)","font_size":"1rem","line_height":"normal","letter_spacing":"normal","case":"none","wrap":"pretty","color":"var(--color-foreground)","background":false,"background_color":"#00000026","corner_radius":0,"padding-block-start":0,"padding-block-end":0,"padding-inline-start":0,"padding-inline-end":0},"blocks":{}},"button_hPdQfz":{"type":"button","name":"t:names.button","settings":{"label":"Learn more","link":"shopify://collections","open_in_new_tab":false,"style_class":"button-secondary","width":"fit-content","custom_width":100,"width_mobile":"fit-content","custom_width_mobile":100},"blocks":{}}},"block_order":["text_wrrtmK","button_hPdQfz"]}},"block_order":["group_hdfm6d","group_6BiLfz","group_GXUz9i"],"name":"t:names.custom_section","settings":{"content_direction":"row","vertical_on_mobile":true,"horizontal_alignment":"flex-start","vertical_alignment":"center","align_baseline":false,"horizontal_alignment_flex_direction_column":"flex-start","vertical_alignment_flex_direction_column":"center","gap":0,"section_width":"full-width","section_height":"medium","section_height_custom":50,"color_scheme":"","background_media":"none","video_position":"cover","background_image_position":"cover","border":"none","border_width":1,"border_opacity":100,"border_radius":0,"toggle_overlay":false,"overlay_color":"#00000026","overlay_style":"solid","gradient_direction":"to top","padding-block-start":0,"padding-block-end":0}},"brand_story":{"settings":{"story_text":"At AUREA, we believe that jewelry should be more than decoration. Each piece we create carries a story—a whisper of devotion, a symbol of connection, a reminder of the bonds that define us.","preheading":"Our Story","signature_name":"— The AUREA Atelier","show_signature":true,"signature_quote":"Every piece tells a story. What will yours say?","heading":"Crafted with Intention, Worn with Meaning"},"type":"section-brand-story"}},"order":["hero_p9CmMG","brand_story","product_list_themegen","hero_w7HaTj","section_x8mrnx","section_Ea3hn6"]}
