{
  "sections": {
    "hero_banner": {
      "type": "image-banner",
      "blocks": {
        "heading": {
          "type": "heading",
          "settings": {
            "heading": "Spring Sale",
            "heading_size": "h1"
          }
        },
        "subheading": {
          "type": "text",
          "settings": {
            "text": "Best Home and Kitchen",
            "text_style": "body"
          }
        },
        "buttons": {
          "type": "buttons",
          "settings": {
            "button_label_1": "discover now",
            "button_link_1": "shopify:\/\/collections\/all",
            "button_style_secondary_1": false
          }
        }
      },
      "block_order": [
        "subheading",
        "heading",
        "buttons"
      ],
      "settings": {
        "image": "shopify:\/\/shop_images\/best_home_and_kitchen2.webp",
        "image_overlay_opacity": 20,
        "image_height": "medium",
        "desktop_content_position": "middle-center",
        "show_text_box": true,
        "desktop_content_alignment": "center",
        "color_scheme": "scheme-1",
        "mobile_content_alignment": "center",
        "stack_images_on_mobile": true,
        "show_text_below": true
      }
    },
    "divider_1": {
      "type": "divider",
      "settings": {
        "padding_top": 20,
        "padding_bottom": 20
      }
    },
    "hero_emotional": {
      "type": "hero-emotional",
      "settings": {
        "padding_top": 0,
        "padding_bottom": 0
      }
    },
    "trust_badges": {
      "type": "trust-badges",
      "settings": {
        "padding_top": 20,
        "padding_bottom": 20
      }
    },
    "emotional_story": {
      "type": "emotional-story",
      "settings": {
        "padding_top": 60,
        "padding_bottom": 60
      }
    },
    "message_cards": {
      "type": "message-cards",
      "settings": {
        "padding_top": 60,
        "padding_bottom": 60
      }
    },
    "featured_gift": {
      "type": "featured-gift",
      "settings": {
        "padding_top": 60,
        "padding_bottom": 60
      }
    },
    "social_proof": {
      "type": "social-proof",
      "settings": {
        "padding_top": 60,
        "padding_bottom": 60
      }
    },
    "uk_delivery": {
      "type": "uk-delivery",
      "settings": {
        "padding_top": 60,
        "padding_bottom": 60
      }
    },
    "product_compare_value": {
      "type": "product-compare-value",
      "settings": {
        "padding_top": 60,
        "padding_bottom": 60
      }
    },
    "featured_products_1": {
      "type": "featured-collection",
      "settings": {
        "title": "Product",
        "heading_size": "h2",
        "description": "",
        "show_description": false,
        "description_style": "body",
        "collection": "home-kitchen",
        "products_to_show": 8,
        "columns_desktop": 4,
        "full_width": false,
        "show_view_all": false,
        "view_all_style": "solid",
        "enable_desktop_slider": true,
        "color_scheme": "scheme-1",
        "image_ratio": "adapt",
        "show_secondary_image": false,
        "show_vendor": false,
        "show_rating": false,
        "enable_quick_add": false,
        "columns_mobile": "2",
        "swipe_on_mobile": true,
        "padding_top": 36,
        "padding_bottom": 36
      }
    },
    "divider_2": {
      "type": "divider",
      "settings": {
        "padding_top": 20,
        "padding_bottom": 20
      }
    },
    "banner_family": {
      "type": "image-banner",
      "blocks": {
        "heading": {
          "type": "heading",
          "settings": {
            "heading": "Give the best to your family",
            "heading_size": "h1"
          }
        },
        "subheading": {
          "type": "text",
          "settings": {
            "text": "Best Home and Kitchen",
            "text_style": "body"
          }
        },
        "buttons": {
          "type": "buttons",
          "settings": {
            "button_label_1": "discover now",
            "button_link_1": "shopify:\/\/collections\/all",
            "button_style_secondary_1": false
          }
        }
      },
      "block_order": [
        "subheading",
        "heading",
        "buttons"
      ],
      "settings": {
        "image": "shopify:\/\/shop_images\/best_home_and_kitchen4.webp",
        "image_height": "medium",
        "desktop_content_position": "middle-center",
        "show_text_box": true,
        "desktop_content_alignment": "center",
        "color_scheme": "scheme-1"
      }
    },
    "banner_fun": {
      "type": "image-banner",
      "blocks": {
        "heading": {
          "type": "heading",
          "settings": {
            "heading": "Rediscover Family Fun",
            "heading_size": "h1"
          }
        },
        "subheading": {
          "type": "text",
          "settings": {
            "text": "Best Home and Kitchen",
            "text_style": "body"
          }
        },
        "buttons": {
          "type": "buttons",
          "settings": {
            "button_label_1": "discover now",
            "button_link_1": "shopify:\/\/collections\/all",
            "button_style_secondary_1": false
          }
        }
      },
      "block_order": [
        "subheading",
        "heading",
        "buttons"
      ],
      "settings": {
        "image": "shopify:\/\/shop_images\/best_home_and_kitchen7.webp",
        "image_height": "medium",
        "desktop_content_position": "middle-center",
        "show_text_box": true,
        "desktop_content_alignment": "center",
        "color_scheme": "scheme-1"
      }
    },
    "promo_grid": {
      "type": "multicolumn",
      "blocks": {
        "col1": {
          "type": "column",
          "settings": {
            "title": "Up to 30% off",
            "text": "<p>new Bags<br>Shop now</p>",
            "link": "shopify:\/\/collections\/fashion"
          }
        },
        "col2": {
          "type": "column",
          "settings": {
            "title": "New in this week",
            "text": "<p>select Tops<br>Sale up to 50% off!</p>",
            "link": "shopify:\/\/collections\/coats"
          }
        }
      },
      "block_order": [
        "col1",
        "col2"
      ],
      "settings": {
        "title": "",
        "heading_size": "h1",
        "image_width": "full",
        "image_ratio": "adapt",
        "columns_desktop": 2,
        "column_alignment": "left",
        "background_style": "none",
        "color_scheme": "scheme-1",
        "columns_mobile": "1",
        "swipe_on_mobile": true
      }
    },
    "divider_3": {
      "type": "divider",
      "settings": {
        "padding_top": 20,
        "padding_bottom": 20
      }
    },
    "contact_info": {
      "type": "rich-text",
      "blocks": {
        "heading": {
          "type": "heading",
          "settings": {
            "heading": "We’re here to help you!",
            "heading_size": "h1"
          }
        },
        "text": {
          "type": "text",
          "settings": {
            "text": "<p>Have a question, comment, or brilliant idea you'd like to share? Send us a little note below - we love to hear from you and will always reply!</p>"
          }
        }
      },
      "block_order": [
        "heading",
        "text"
      ],
      "settings": {
        "desktop_content_position": "center",
        "content_alignment": "center",
        "color_scheme": "scheme-1",
        "full_width": true,
        "padding_top": 40,
        "padding_bottom": 40
      }
    },
    "contact_form": {
      "type": "contact-form",
      "settings": {
        "heading": "Contact form",
        "heading_size": "h1",
        "color_scheme": "scheme-1",
        "padding_top": 36,
        "padding_bottom": 36
      }
    },
    "divider_4": {
      "type": "divider",
      "settings": {
        "padding_top": 20,
        "padding_bottom": 20
      }
    },
    "featured_products_2": {
      "type": "featured-collection",
      "settings": {
        "title": "Best seller",
        "description": "Top sale in this week",
        "collection": "home-kitchen",
        "products_to_show": 8,
        "columns_desktop": 4,
        "color_scheme": "scheme-1"
      }
    },
    "divider_5": {
      "type": "divider",
      "settings": {
        "padding_top": 20,
        "padding_bottom": 20
      }
    },
    "divider_6": {
      "type": "divider",
      "settings": {
        "padding_top": 20,
        "padding_bottom": 20
      }
    },
    "custom_products": {
      "type": "featured-collection",
      "settings": {
        "title": "Featured Products",
        "products_to_show": 4
      }
    },
    "judge_me_reviews": {
      "type": "apps",
      "blocks": {
        "widget": {
          "type": "shopify:\/\/apps\/judge-me-reviews\/blocks\/featured_carousel\/61ccd3b1-a9f2-4160-9fe9-4fec8413e5d8",
          "settings": {
            "maxwidth": 1080
          }
        }
      },
      "block_order": [
        "widget"
      ],
      "settings": {
        "include_margins": true
      }
    },
    "testimonials": {
      "type": "testimonials",
      "blocks": {
        "quote_1": {
          "type": "quote",
          "settings": {
            "star": "5",
            "quote": "<p>Our products are meticulously crafted using the finest materials, ensuring unparalleled quality.</p>",
            "author": "Premium Quality Guaranteed",
            "author_info": ""
          }
        },
        "quote_2": {
          "type": "quote",
          "settings": {
            "star": "5",
            "quote": "<p>Our efficient shipping process ensures swift delivery to your doorstep.</p>",
            "author": "Express Shipping",
            "author_info": ""
          }
        },
        "quote_3": {
          "type": "quote",
          "settings": {
            "star": "5",
            "quote": "<p>Our commitment to customer satisfaction extends beyond the sale.</p>",
            "author": "Unbeatable Warranty Coverage",
            "author_info": ""
          }
        }
      },
      "block_order": [
        "quote_1",
        "quote_2",
        "quote_3"
      ],
      "settings": {
        "title": "Our Commitments",
        "heading_size": "h1",
        "columns_desktop": 3,
        "column_alignment": "center",
        "color_scheme": "scheme-1",
        "padding_top": 50
      }
    },
    "featured_products_3": {
      "type": "featured-collection",
      "settings": {
        "title": "Best Sellers of the Year",
        "collection": "home-kitchen",
        "products_to_show": 8,
        "columns_desktop": 4,
        "color_scheme": "scheme-1"
      }
    }
  },
  "order": [
    "hero_emotional",
    "trust_badges",
    "emotional_story",
    "featured_products_1",
    "message_cards",
    "featured_gift",
    "banner_family",
    "uk_delivery",
    "social_proof",
    "product_compare_value",
    "testimonials",
    "banner_fun",
    "contact_info",
    "contact_form",
    "judge_me_reviews"
  ]
}